1,SFMIII_P5_P5_ABC,55111,,,ACAGGC,empty
2,SFMIII_NotP5_P5_ABC,55112,,,ACCGAA,empty
3,SFMIII_P6_P7_ABC,55113,,,ACGCTA,empty
4,SFMIV_P6_P7_2_ABC,55114,,,ACTCTT,empty
5,Background_A_15_6,55115,,,AGATAA,empty
6,Background_B_15_6,55116,,,AGCTTG,empty
7,Background_C_15_6,55117,,,AGGACA,empty
8,SFMRIV_A,55118,,,TAGCGT,empty
9,SFMRIV_B,55119,,,TCAGAT,empty
10,SFMRIV_C,55120,,,TCCCTC,empty
11,SFRIV_A_BFP,55121,,,TCGCAG,empty
12,SFRIV_B_BFP,55122,,,TGAGCG,empty
13,SFRIV_C_BFP,55123,,,TGCCGA,empty
14,SFRIV_A_GFP,55124,,,TGGTGT,empty
15,SFRIV_B_GFP,55125,,,TGTAGA,empty
16,SFRIV_C_GFP,55126,,,TTGCCA,empty